<?xml version="1.0" encoding="UTF-8"?>
<beans xmlns="http://www.springframework.org/schema/beans"
    xmlns:xsi="http://www.w3.org/2001/XMLSchema-instance"
    xmlns:mvc="http://www.springframework.org/schema/mvc"
    xmlns:context="http://www.springframework.org/schema/context"
    xsi:schemaLocation="
        http://www.springframework.org/schema/beans
        http://www.springframework.org/schema/beans/spring-beans.xsd
        http://www.springframework.org/schema/mvc
        http://www.springframework.org/schema/mvc/spring-mvc.xsd
        http://www.springframework.org/schema/context
        http://www.springframework.org/schema/context/spring-context.xsd">
    
    <!-- 必不可少的web层配置 -->
    <mvc:annotation-driven>
	</mvc:annotation-driven>
    
    <context:component-scan base-package="team.bdqnmanager.web"></context:component-scan>
    <mvc:resources location="/static_file/" mapping="/resources/**"></mvc:resources>
    <!-- 定义view视图解析器 -->
    <bean id="viewResolver" class="org.springframework.web.servlet.view.InternalResourceViewResolver">
        <property name="viewClass"  value="org.springframework.web.servlet.view.JstlView" />
        <property name="prefix" value="WEB-INF/views/"></property>
        <property name="suffix" value=".jsp" />
		<property name="contentType" value="text/html;charset=UTF-8" />
    </bean>
    
    <!-- <bean id="view" class="org.springframework.web.servlet.view.InternalResourceViewResolver">
    	<property name="viewClass" value="org.springframework.web.servlet.view.JstlView"/>
    	<property name="prefix" value="WEB-INF/views/"/>
    	<property name="suffix" value=".jsp"/>
    	<property name="contentType" value="text/html;charset=UTF-8"/>
    </bean> -->
</beans>